Record_ID,Machine_ID,Shift,Operator_Skill,Machine_Mode,Material_Type,Coolant_Status,Ambient_Temp_C,Vibration_Hz,RPM,Pressure_PSI,Voltage_V,Humidity_Pct,Load_Pct,Internal_Temp_C,Quality_Status,Maintenance_Flag
1,MCH-007,Morning,Senior,Normal,Copper,Active,24.66,39.54,3291.3,54.51,221.11,37.04,72.47,76.1,Pass,No
2,MCH-004,Afternoon,Senior,High-Load,Copper,Active,36.36,21.11,4101.1,80.24,213.74,52.04,11.45,78.97,Fail,No
3,MCH-008,Afternoon,Senior,Normal,Titanium,Active,21.57,28.42,3668.8,56.36,224.94,73.17,43.54,62.11,Pass,No
4,MCH-005,Night,Mid-Level,Normal,Titanium,Inactive,28.74,26.2,3205.4,30.03,191.45,34.42,41.65,87.8,Fail,No
5,MCH-007,Night,Mid-Level,Idle,Copper,Active,36.09,117.04,3218.5,139.8,211.43,69.65,58.91,89.99,Fail,Yes
6,MCH-010,Morning,Senior,Idle,Titanium,Partial,28.03,93.52,4283.7,131.27,208.74,21.48,16.55,84.07,Pass,No
7,MCH-003,Night,Mid-Level,Normal,Aluminum,Active,27.24,116.45,1683.3,119.08,217.44,49.33,81.11,83.52,Pass,Yes
8,MCH-007,Afternoon,Mid-Level,Normal,Aluminum,Active,26.57,58.37,504.4,50.14,214.62,74.31,29.6,48.38,Pass,No
9,MCH-008,Afternoon,Junior,Normal,Copper,Active,27.28,40.62,1587.8,44.44,227.98,43.71,70.93,70.54,Pass,No
10,MCH-005,Morning,Senior,Normal,Steel,Active,33.49,97.81,1371.6,38.11,201.41,59.46,82.29,76.64,Pass,No
11,MCH-004,Afternoon,Senior,High-Load,Aluminum,Active,19.15,45.89,3147.3,116.88,220.45,34.35,60.57,82.76,Pass,No
12,MCH-008,Afternoon,Mid-Level,High-Load,Titanium,Active,34.13,42.93,3034.8,141.46,225.58,71.94,76.68,92.17,Pass,No
13,MCH-008,Afternoon,Senior,High-Load,Steel,Active,22.3,35.58,2873.8,81.66,238.57,23.66,69.57,78.93,Pass,No
14,MCH-003,Afternoon,Junior,Idle,Steel,Partial,26.93,24.26,565.0,44.3,215.18,79.68,42.0,51.36,Pass,No
15,MCH-006,Morning,Junior,Normal,Aluminum,Active,26.28,38.21,3415.1,91.49,223.24,33.87,82.8,88.37,Pass,No
16,MCH-005,Morning,Junior,Normal,Aluminum,Inactive,30.35,49.09,1794.1,71.86,201.96,81.21,36.52,81.55,Pass,No
17,MCH-002,Night,Senior,Normal,Steel,Active,21.61,84.14,3160.2,74.98,196.08,44.68,61.41,75.69,Pass,No
18,MCH-008,Afternoon,Senior,Maintenance,Steel,Active,29.85,16.88,2726.3,104.56,228.45,70.59,77.09,72.73,Pass,No
19,MCH-006,Night,Senior,Normal,Copper,Active,36.1,33.16,1870.9,116.25,219.94,42.35,44.11,66.07,Pass,No
20,MCH-002,Morning,Senior,Normal,Titanium,Active,22.55,98.99,1038.3,43.27,231.79,83.41,37.25,59.47,Fail,No
21,MCH-005,Morning,Senior,Normal,Copper,Active,28.76,26.16,877.7,34.27,206.27,28.86,51.34,50.08,Pass,No
22,MCH-001,Morning,Junior,High-Load,Aluminum,Active,25.35,47.69,3826.1,149.32,225.2,32.5,83.62,96.68,Pass,Yes
23,MCH-010,Morning,Mid-Level,Normal,Copper,Active,29.7,105.11,4173.6,57.93,238.69,54.51,93.69,106.49,Pass,Yes
24,MCH-006,Morning,Junior,Idle,Copper,Active,28.08,27.04,3099.2,36.46,224.2,25.74,59.06,70.88,Pass,No
25,MCH-009,Morning,Senior,Normal,Copper,Active,25.43,19.1,913.7,52.79,222.77,33.72,69.53,55.9,Pass,No
26,MCH-001,Morning,Junior,Normal,Copper,Partial,29.95,63.3,2108.1,34.67,220.09,86.06,91.29,93.49,Pass,No
27,MCH-010,Afternoon,Senior,Idle,Titanium,Partial,35.22,43.27,3415.8,77.02,204.29,88.35,18.87,75.28,Pass,No
28,MCH-003,Night,Senior,Normal,Titanium,Inactive,27.24,71.97,3619.3,126.29,233.56,46.34,30.89,85.79,Pass,No
29,MCH-007,Morning,Junior,Idle,Steel,Inactive,30.88,98.42,972.9,70.95,213.89,84.63,73.8,93.79,Pass,No
30,MCH-004,Afternoon,Senior,Idle,Aluminum,Active,22.83,25.09,500.1,83.3,225.04,58.14,84.14,46.87,Pass,No
31,MCH-009,Afternoon,Mid-Level,Normal,Copper,Active,24.17,73.88,3348.5,111.07,204.37,38.88,87.13,90.57,Pass,No
32,MCH-003,Night,Senior,Normal,Steel,Partial,29.89,65.61,1926.4,91.07,208.21,69.17,47.36,73.16,Pass,No
33,MCH-005,Morning,Mid-Level,Normal,Steel,Active,33.94,25.85,1517.9,133.37,234.35,66.12,18.04,57.7,Pass,No
34,MCH-003,Night,Mid-Level,High-Load,Steel,Active,29.42,78.64,551.6,133.92,216.53,89.24,49.4,68.38,Pass,No
35,MCH-007,Morning,Senior,High-Load,Titanium,Active,26.75,40.1,2661.2,31.19,234.53,38.55,30.77,73.83,Pass,No
36,MCH-005,Afternoon,Junior,Normal,Copper,Active,28.0,63.66,3904.6,123.37,219.22,67.04,36.21,83.36,Pass,No
37,MCH-009,Afternoon,Mid-Level,Normal,Copper,Active,23.0,19.05,4330.5,85.29,201.58,23.64,79.5,84.22,Pass,No
38,MCH-007,Afternoon,Junior,Normal,Aluminum,Partial,30.42,60.55,2763.0,148.66,228.92,27.96,16.8,82.21,Pass,No
39,MCH-002,Afternoon,Mid-Level,Normal,Copper,Active,31.53,43.71,2557.8,87.99,214.1,20.27,84.48,78.83,Pass,No
40,MCH-004,Night,Senior,High-Load,Copper,Active,26.19,100.46,840.2,148.43,226.99,89.96,48.49,70.3,Pass,No
41,MCH-009,Morning,Senior,Idle,Steel,Partial,26.12,16.27,2695.5,120.55,220.25,76.16,63.65,69.86,Pass,No
42,MCH-002,Morning,Mid-Level,Maintenance,Aluminum,Active,29.06,56.05,2019.9,59.83,204.57,75.07,18.07,65.11,Pass,No
43,MCH-010,Night,Senior,Idle,Copper,Active,26.25,60.43,2928.5,94.61,221.64,55.68,40.36,63.53,Pass,No
44,MCH-009,Morning,Mid-Level,Normal,Titanium,Active,27.74,89.75,2054.9,149.06,241.96,41.0,18.07,68.42,Pass,No
45,MCH-010,Afternoon,Senior,High-Load,Copper,Inactive,36.4,73.17,1461.2,132.9,224.93,30.59,96.54,107.49,Pass,Yes
46,MCH-005,Morning,Junior,High-Load,Steel,Partial,27.01,83.39,879.9,41.68,219.42,39.93,82.65,98.84,Pass,Yes
47,MCH-002,Afternoon,Senior,High-Load,Titanium,Active,26.57,95.48,1759.7,114.76,230.75,46.32,51.37,74.45,Pass,No
48,MCH-004,Night,Junior,High-Load,Steel,Partial,25.41,104.84,886.6,71.47,222.11,72.94,30.12,82.51,Pass,No
49,MCH-007,Morning,Senior,Normal,Copper,Active,30.98,44.53,1207.6,30.84,222.1,57.78,94.01,66.22,Pass,No
50,MCH-008,Night,Junior,High-Load,Titanium,Partial,27.28,69.18,4449.3,78.42,209.08,25.42,41.01,100.69,Pass,Yes
51,MCH-003,Morning,Senior,Idle,Aluminum,Inactive,25.4,102.41,2276.4,58.17,222.34,21.26,24.49,77.11,Fail,No
52,MCH-001,Afternoon,Junior,High-Load,Aluminum,Inactive,33.29,118.84,2627.5,128.26,230.35,27.16,60.68,119.46,Fail,Yes
53,MCH-004,Night,Mid-Level,Normal,Titanium,Active,33.68,107.85,3994.5,70.48,211.64,48.73,94.94,107.87,Pass,Yes
54,MCH-002,Morning,Mid-Level,High-Load,Titanium,Partial,25.6,50.86,4482.3,129.3,234.24,85.32,10.34,93.09,Pass,No
55,MCH-008,Afternoon,Junior,Normal,Steel,Inactive,20.53,31.47,2830.9,30.07,219.08,64.62,31.43,87.84,Pass,No
56,MCH-004,Night,Senior,Normal,Titanium,Active,32.03,63.83,3749.9,66.94,211.12,76.13,94.46,94.27,Pass,No
57,MCH-002,Night,Junior,Normal,Steel,Inactive,25.26,91.58,1807.8,58.94,229.98,52.65,25.4,84.41,Pass,No
58,MCH-006,Morning,Senior,High-Load,Copper,Active,31.16,64.18,1723.0,58.03,217.13,45.32,20.19,68.13,Fail,No
59,MCH-006,Morning,Mid-Level,Idle,Steel,Partial,20.12,63.15,2110.8,38.18,227.6,27.59,61.32,70.25,Pass,No
60,MCH-010,Morning,Senior,Idle,Titanium,Active,31.57,102.21,3190.0,52.45,217.08,81.32,87.57,88.28,Pass,No
61,MCH-004,Afternoon,Mid-Level,Normal,Titanium,Inactive,23.16,49.75,3228.8,96.67,219.4,74.82,52.94,87.93,Fail,No
62,MCH-006,Morning,Senior,Normal,Copper,Active,30.92,104.58,1761.0,64.96,224.94,31.77,99.51,92.2,Pass,No
63,MCH-002,Night,Senior,High-Load,Titanium,Active,28.06,54.75,1032.8,80.09,222.91,55.86,71.13,76.92,Pass,No
64,MCH-010,Night,Senior,Normal,Titanium,Active,24.18,46.11,3029.6,75.22,200.04,54.12,16.67,61.17,Pass,No
65,MCH-002,Morning,Junior,Maintenance,Aluminum,Active,26.37,59.94,1013.3,135.11,208.79,63.76,99.35,65.89,Pass,No
66,MCH-010,Morning,Junior,Normal,Aluminum,Active,30.75,93.87,2814.0,138.64,229.29,86.23,46.71,84.72,Pass,No
67,MCH-004,Night,Mid-Level,Normal,Copper,Active,28.42,23.86,3273.7,89.15,218.68,60.58,35.87,78.25,Pass,No
68,MCH-008,Afternoon,Mid-Level,High-Load,Steel,Active,30.34,31.61,3302.4,69.62,214.76,57.82,60.21,88.58,Pass,No
69,MCH-007,Morning,Junior,High-Load,Aluminum,Active,35.91,114.66,3513.9,42.82,206.41,23.52,37.39,109.82,Pass,Yes
70,MCH-009,Morning,Mid-Level,Normal,Steel,Active,21.74,29.3,3991.4,144.41,209.2,24.4,17.78,71.09,Pass,No
71,MCH-008,Night,Junior,Normal,Titanium,Inactive,34.47,72.45,2499.8,37.23,199.78,33.11,10.13,89.28,Pass,No
72,MCH-005,Morning,Senior,High-Load,Aluminum,Active,28.42,73.72,3421.0,65.72,218.99,22.27,50.46,87.72,Pass,No
73,MCH-002,Afternoon,Mid-Level,Normal,Copper,Partial,24.4,63.86,2976.7,65.77,214.02,72.03,85.32,84.34,Pass,No
74,MCH-005,Night,Mid-Level,Maintenance,Copper,Partial,22.68,80.92,1246.6,68.45,210.33,70.63,61.51,72.76,Pass,No
75,MCH-008,Morning,Junior,Maintenance,Copper,Active,27.24,35.28,602.8,49.71,219.32,29.52,99.93,63.9,Pass,No
76,MCH-010,Night,Mid-Level,High-Load,Aluminum,Active,31.69,70.79,1638.2,123.98,223.64,78.53,35.82,78.37,Pass,No
77,MCH-009,Morning,Mid-Level,Normal,Steel,Partial,27.49,50.94,2272.1,44.7,240.93,30.84,35.24,70.21,Pass,No
78,MCH-009,Morning,Senior,High-Load,Titanium,Active,34.04,82.78,2968.4,106.19,204.88,41.08,24.38,85.42,Pass,No
79,MCH-001,Morning,Mid-Level,Idle,Steel,Active,22.2,25.53,3899.8,44.86,231.59,37.43,24.77,61.64,Pass,No
80,MCH-009,Afternoon,Senior,Idle,Steel,Active,27.95,72.8,1285.0,38.46,229.73,46.06,35.67,54.21,Fail,No
81,MCH-007,Afternoon,Junior,Normal,Titanium,Inactive,22.99,30.38,1002.2,139.13,212.21,37.83,81.36,75.24,Fail,No
82,MCH-009,Night,Mid-Level,Normal,Titanium,Active,29.45,40.65,4353.9,52.82,222.03,54.23,91.52,99.67,Pass,Yes
83,MCH-008,Morning,Senior,High-Load,Aluminum,Active,31.55,34.06,932.2,128.55,215.42,48.52,97.76,76.81,Pass,No
84,MCH-001,Morning,Junior,High-Load,Aluminum,Partial,26.32,30.11,2414.0,95.36,221.86,89.06,30.91,77.55,Pass,No
85,MCH-008,Afternoon,Mid-Level,High-Load,Aluminum,Partial,17.58,100.83,2842.3,39.34,235.09,23.91,89.32,101.98,Pass,Yes
86,MCH-008,Morning,Junior,Normal,Aluminum,Active,28.8,41.43,2665.5,144.65,226.06,29.95,39.54,72.66,Pass,No
87,MCH-003,Afternoon,Mid-Level,Normal,Aluminum,Active,29.75,111.98,844.1,59.64,225.09,23.7,20.16,63.55,Pass,Yes
88,MCH-001,Morning,Junior,Normal,Titanium,Inactive,29.62,116.69,728.1,133.16,215.7,63.81,88.3,101.97,Pass,Yes
89,MCH-008,Night,Junior,Maintenance,Steel,Active,32.94,72.84,921.9,50.26,205.16,23.82,67.25,70.77,Pass,No
90,MCH-003,Morning,Senior,Idle,Aluminum,Active,23.72,25.73,2842.4,132.47,217.92,78.55,24.83,51.22,Pass,No
91,MCH-003,Morning,Junior,High-Load,Aluminum,Active,30.72,51.2,2677.4,31.59,232.07,55.84,48.68,84.8,Pass,No
92,MCH-001,Afternoon,Mid-Level,Normal,Steel,Partial,32.77,97.75,1435.0,91.41,204.73,56.89,35.85,82.09,Pass,No
93,MCH-005,Morning,Mid-Level,Normal,Aluminum,Active,20.89,50.41,3051.1,122.33,209.45,59.31,76.31,77.47,Pass,No
94,MCH-010,Morning,Senior,High-Load,Steel,Inactive,29.28,19.57,3780.3,142.18,221.26,31.96,50.81,98.53,Fail,Yes
95,MCH-007,Afternoon,Mid-Level,Normal,Steel,Partial,25.98,71.25,666.3,139.1,210.15,33.84,99.04,73.89,Pass,No
96,MCH-010,Night,Mid-Level,High-Load,Titanium,Active,27.67,102.96,2492.5,128.35,212.07,42.32,14.93,85.75,Pass,No
97,MCH-009,Night,Mid-Level,Maintenance,Copper,Active,29.39,97.55,3257.2,136.58,215.76,61.54,41.95,77.91,Pass,No
98,MCH-007,Afternoon,Junior,Normal,Titanium,Active,26.05,29.26,1509.2,53.91,206.34,34.71,53.37,61.03,Pass,No
99,MCH-009,Afternoon,Junior,Normal,Copper,Active,25.3,84.0,1731.1,64.1,210.26,28.14,55.28,74.6,Pass,No
100,MCH-008,Afternoon,Mid-Level,Normal,Copper,Active,28.14,34.26,2954.6,64.68,227.03,87.91,38.43,66.22,Fail,No
101,MCH-002,Afternoon,Senior,Maintenance,Copper,Inactive,23.65,34.0,4091.7,75.25,206.93,21.54,75.63,88.84,Pass,No
102,MCH-001,Afternoon,Junior,Normal,Aluminum,Active,23.66,106.15,3739.7,77.2,204.02,76.19,88.73,93.51,Pass,No
103,MCH-007,Night,Senior,Normal,Titanium,Partial,30.72,37.46,2832.5,95.35,213.7,75.16,94.48,92.63,Pass,No
104,MCH-007,Night,Mid-Level,Normal,Copper,Active,23.4,38.96,3420.9,49.19,227.32,40.8,82.46,79.8,Pass,No
105,MCH-008,Afternoon,Mid-Level,High-Load,Steel,Active,30.67,10.07,1959.3,112.95,218.03,29.49,86.55,90.87,Pass,No
106,MCH-005,Morning,Junior,Normal,Aluminum,Active,29.85,105.77,3063.9,50.11,215.35,30.19,59.55,89.24,Pass,No
107,MCH-003,Afternoon,Mid-Level,High-Load,Titanium,Active,21.1,97.19,2364.7,67.24,220.44,68.82,84.33,88.79,Fail,No
108,MCH-008,Morning,Junior,Maintenance,Copper,Inactive,25.29,79.01,1259.7,90.4,202.54,65.0,37.32,74.83,Pass,No
109,MCH-006,Afternoon,Mid-Level,Normal,Steel,Active,32.78,92.53,3307.0,125.57,224.95,74.79,45.86,88.56,Pass,No
110,MCH-003,Afternoon,Mid-Level,Normal,Titanium,Active,24.08,26.73,2725.9,118.74,223.83,85.62,38.52,62.14,Pass,No
111,MCH-001,Night,Junior,Maintenance,Titanium,Active,26.14,60.42,1934.5,107.46,215.91,68.43,52.06,69.88,Pass,No
112,MCH-003,Morning,Junior,Normal,Aluminum,Active,29.85,48.63,4145.4,48.69,230.06,30.91,35.7,82.22,Pass,No
113,MCH-005,Morning,Junior,High-Load,Titanium,Active,31.13,20.32,583.7,95.65,208.73,37.04,96.55,74.82,Pass,No
114,MCH-003,Night,Mid-Level,Normal,Aluminum,Active,26.99,63.47,1763.1,40.49,231.28,78.95,38.16,59.03,Pass,No
115,MCH-001,Night,Mid-Level,Normal,Copper,Partial,25.61,111.28,727.5,75.28,221.54,34.65,18.82,59.73,Pass,Yes
116,MCH-005,Night,Senior,High-Load,Aluminum,Active,33.69,14.41,3566.1,79.62,216.63,25.08,57.41,85.89,Fail,No
117,MCH-010,Night,Junior,Normal,Steel,Inactive,34.96,42.06,3308.4,34.78,219.8,69.23,15.14,90.59,Pass,No
118,MCH-007,Morning,Mid-Level,Normal,Aluminum,Active,31.92,32.83,1825.4,62.88,218.93,48.18,19.95,57.29,Pass,No
119,MCH-007,Morning,Mid-Level,Normal,Steel,Active,28.34,36.2,3202.7,144.68,232.2,84.4,29.75,73.78,Pass,No
120,MCH-009,Afternoon,Junior,Normal,Aluminum,Active,24.77,109.93,2083.7,144.44,209.23,65.52,51.79,82.97,Pass,No
121,MCH-010,Afternoon,Senior,Normal,Titanium,Active,24.68,61.49,3525.0,72.28,212.37,26.33,48.99,74.65,Fail,No
122,MCH-010,Night,Junior,Normal,Copper,Active,30.09,61.29,2316.7,35.17,230.36,86.35,81.97,79.42,Pass,No
123,MCH-003,Night,Senior,Maintenance,Steel,Active,29.67,93.66,2149.1,51.49,214.04,38.1,76.55,76.5,Pass,No
124,MCH-007,Night,Mid-Level,Normal,Aluminum,Active,33.61,26.99,4238.9,77.07,229.01,43.6,48.37,83.65,Pass,No
125,MCH-001,Afternoon,Senior,High-Load,Aluminum,Active,30.6,63.6,1503.5,143.73,236.99,48.16,40.03,70.81,Pass,No
126,MCH-004,Afternoon,Mid-Level,Normal,Aluminum,Active,21.99,57.3,981.8,46.94,215.98,23.59,38.48,51.3,Pass,No
127,MCH-004,Afternoon,Junior,High-Load,Titanium,Partial,32.21,75.66,2838.2,121.62,226.81,54.76,79.66,108.41,Pass,Yes
128,MCH-005,Afternoon,Junior,Normal,Titanium,Active,24.01,119.95,4377.3,43.04,208.46,28.63,14.69,87.76,Pass,Yes
129,MCH-007,Afternoon,Junior,Maintenance,Steel,Active,26.46,94.64,2011.4,147.75,227.55,48.07,11.15,62.47,Pass,No
130,MCH-007,Afternoon,Senior,Normal,Steel,Active,29.0,53.77,748.1,75.79,221.99,44.55,81.6,65.01,Pass,No
131,MCH-004,Afternoon,Mid-Level,Normal,Titanium,Active,35.98,101.03,1857.2,123.03,224.73,74.1,52.94,83.39,Pass,No
132,MCH-007,Night,Junior,Idle,Steel,Active,40.44,28.78,2523.7,71.11,213.54,76.22,21.78,65.49,Pass,No
133,MCH-003,Night,Junior,Normal,Copper,Active,30.43,13.35,1147.7,105.32,203.39,30.74,31.2,59.11,Fail,No
134,MCH-006,Night,Mid-Level,Normal,Copper,Active,27.27,32.49,3132.4,53.04,225.03,45.66,93.93,81.13,Pass,No
135,MCH-002,Night,Junior,Normal,Titanium,Active,30.14,47.45,4491.0,47.52,199.37,46.13,87.36,95.93,Fail,Yes
136,MCH-010,Afternoon,Mid-Level,High-Load,Steel,Active,31.55,66.16,2307.0,142.57,216.83,30.6,73.88,92.82,Fail,No
137,MCH-009,Morning,Mid-Level,Normal,Aluminum,Active,26.72,77.66,1918.9,140.12,229.41,75.89,53.4,69.14,Pass,No
138,MCH-005,Afternoon,Mid-Level,Normal,Copper,Active,35.18,110.17,2102.8,136.5,221.92,69.51,56.83,87.03,Pass,Yes
139,MCH-006,Morning,Mid-Level,Normal,Titanium,Active,28.92,66.08,960.6,105.05,239.48,33.33,97.77,67.85,Pass,No
140,MCH-004,Night,Mid-Level,High-Load,Steel,Active,29.99,65.14,4033.1,126.99,230.25,45.67,96.92,113.63,Fail,Yes
141,MCH-010,Afternoon,Senior,Normal,Titanium,Inactive,30.66,15.53,2159.3,38.28,213.46,27.41,29.37,74.27,Pass,No
142,MCH-007,Night,Junior,Normal,Aluminum,Active,29.69,13.84,2049.1,70.17,220.27,63.97,83.0,70.24,Pass,No
143,MCH-009,Afternoon,Senior,Idle,Copper,Active,31.36,70.63,3138.8,67.64,219.53,28.5,27.75,63.77,Pass,No
144,MCH-007,Night,Junior,High-Load,Titanium,Active,25.53,58.2,2268.1,106.28,204.18,89.02,29.22,82.09,Pass,No
145,MCH-001,Morning,Senior,High-Load,Titanium,Partial,25.77,102.31,3092.9,72.71,210.6,74.65,70.85,101.22,Pass,Yes
146,MCH-001,Morning,Mid-Level,Normal,Titanium,Active,23.6,27.67,745.8,47.82,214.39,47.32,46.45,47.4,Pass,No
147,MCH-009,Morning,Junior,High-Load,Aluminum,Active,29.76,12.75,3754.9,101.58,199.64,60.5,93.84,93.8,Pass,No
148,MCH-009,Afternoon,Junior,High-Load,Titanium,Active,31.12,59.39,4262.0,127.73,220.47,83.79,18.01,93.39,Fail,No
149,MCH-004,Morning,Senior,Normal,Aluminum,Active,29.83,36.12,3095.1,75.85,217.51,58.79,56.04,73.28,Pass,No
150,MCH-009,Afternoon,Senior,High-Load,Aluminum,Active,34.7,15.46,4318.3,45.87,203.27,32.21,92.67,105.23,Pass,Yes
151,MCH-003,Morning,Junior,Normal,Aluminum,Active,27.98,89.71,1105.7,53.6,224.04,46.51,91.37,76.58,Pass,No
152,MCH-007,Morning,Senior,Normal,Copper,Partial,30.67,22.28,2409.7,58.5,227.16,79.02,24.09,62.46,Pass,No
153,MCH-006,Afternoon,Senior,Normal,Copper,Active,23.63,76.92,2907.2,65.99,222.27,65.09,43.0,72.44,Pass,No
154,MCH-008,Afternoon,Senior,Idle,Titanium,Inactive,26.45,40.92,2826.9,107.14,216.76,65.55,65.72,84.42,Fail,No
155,MCH-009,Morning,Mid-Level,Normal,Titanium,Partial,30.78,29.08,2105.8,102.11,225.91,80.68,24.35,64.22,Pass,No
156,MCH-005,Afternoon,Mid-Level,Maintenance,Copper,Active,31.4,51.77,1852.3,113.53,226.8,82.58,97.12,81.68,Pass,No
157,MCH-001,Morning,Senior,Idle,Steel,Active,26.82,98.16,1007.3,73.5,223.07,84.39,92.33,68.85,Pass,No
158,MCH-003,Afternoon,Senior,Normal,Copper,Active,27.71,53.13,2067.0,128.88,211.75,26.64,25.03,62.63,Pass,No
159,MCH-010,Night,Mid-Level,Normal,Aluminum,Active,21.93,92.58,1150.6,54.49,222.77,58.09,20.9,55.94,Pass,No
160,MCH-008,Night,Mid-Level,Maintenance,Copper,Active,26.57,23.8,3437.5,86.28,231.95,71.84,17.69,54.82,Pass,No
161,MCH-006,Night,Junior,Normal,Aluminum,Partial,31.56,95.0,1335.3,126.11,214.03,72.98,91.85,93.98,Pass,No
162,MCH-008,Night,Junior,Normal,Titanium,Inactive,30.3,36.06,734.3,51.62,240.98,62.47,27.43,73.0,Fail,No
163,MCH-009,Night,Mid-Level,Idle,Steel,Active,30.0,84.51,2709.5,43.18,214.74,31.68,47.47,71.35,Pass,No
164,MCH-004,Morning,Senior,Normal,Titanium,Active,28.2,72.24,2880.9,136.04,220.32,75.82,50.4,74.44,Pass,No
165,MCH-001,Night,Senior,Maintenance,Aluminum,Inactive,28.03,112.21,3987.7,71.15,213.28,70.41,63.91,105.59,Fail,Yes
166,MCH-001,Night,Senior,Maintenance,Aluminum,Partial,25.36,52.61,2807.9,112.06,222.23,26.03,16.46,57.31,Pass,No
167,MCH-010,Night,Senior,Idle,Aluminum,Inactive,30.8,17.28,1881.9,33.04,202.58,52.47,30.41,69.77,Fail,No
168,MCH-004,Night,Junior,Maintenance,Steel,Active,29.68,12.11,3712.0,112.81,214.54,32.18,93.83,84.39,Pass,No
169,MCH-007,Afternoon,Mid-Level,Normal,Copper,Active,29.97,100.95,2661.1,67.93,209.08,43.62,91.76,94.95,Pass,No
170,MCH-002,Morning,Senior,High-Load,Titanium,Active,25.9,67.72,817.1,36.69,221.35,21.27,80.32,74.18,Pass,No
171,MCH-003,Night,Junior,Normal,Titanium,Active,19.39,95.28,2763.4,103.18,229.94,48.02,11.75,71.59,Pass,No
172,MCH-001,Night,Senior,Normal,Copper,Active,32.39,35.79,4132.1,58.9,226.46,58.49,39.43,81.09,Pass,No
173,MCH-005,Night,Mid-Level,Normal,Titanium,Active,26.08,47.96,2085.3,76.42,196.28,63.37,66.52,70.0,Pass,No
174,MCH-001,Morning,Junior,High-Load,Steel,Active,24.55,13.31,1685.3,39.67,240.42,66.44,34.77,62.98,Pass,No
175,MCH-008,Afternoon,Mid-Level,Normal,Titanium,Active,30.77,115.76,1073.9,47.66,222.95,78.54,91.86,86.62,Pass,Yes
176,MCH-001,Morning,Mid-Level,Idle,Aluminum,Active,26.43,83.47,1105.8,65.76,212.24,35.08,67.05,57.8,Pass,No
177,MCH-001,Afternoon,Junior,Normal,Copper,Active,32.24,112.65,2231.1,40.77,221.57,28.43,16.47,79.98,Fail,Yes
178,MCH-002,Night,Junior,High-Load,Steel,Active,30.47,39.2,2882.7,139.3,221.76,79.61,91.81,94.99,Pass,No
179,MCH-002,Night,Junior,Normal,Copper,Active,30.73,77.26,822.5,30.73,213.33,30.96,96.2,83.67,Pass,No
180,MCH-006,Morning,Junior,High-Load,Steel,Active,22.54,84.63,4258.3,88.06,221.98,88.23,16.99,91.99,Pass,No
181,MCH-007,Morning,Junior,Maintenance,Aluminum,Inactive,32.85,44.93,3520.5,44.79,213.93,78.98,57.91,101.56,Pass,Yes
182,MCH-005,Afternoon,Junior,Idle,Copper,Active,29.05,103.29,2846.5,66.92,215.96,55.06,37.3,78.16,Pass,No
183,MCH-001,Afternoon,Junior,High-Load,Titanium,Active,26.52,114.19,3813.8,141.13,213.14,88.7,45.36,97.99,Pass,Yes
184,MCH-001,Morning,Senior,Normal,Steel,Active,28.57,107.33,820.7,49.4,205.67,26.82,26.17,57.09,Pass,No
185,MCH-003,Afternoon,Mid-Level,High-Load,Copper,Partial,20.9,91.3,2407.4,145.9,221.46,41.21,62.03,95.18,Pass,Yes
186,MCH-002,Morning,Junior,Normal,Titanium,Active,29.63,40.52,3020.4,54.7,225.85,64.68,96.22,90.51,Pass,No
187,MCH-005,Afternoon,Senior,High-Load,Copper,Active,23.88,40.98,3814.6,118.99,225.15,44.5,55.28,88.97,Pass,No
188,MCH-010,Morning,Senior,High-Load,Copper,Active,22.59,115.97,3633.9,95.6,228.2,84.99,17.46,87.24,Pass,Yes
189,MCH-006,Morning,Senior,Maintenance,Copper,Active,21.91,11.13,1608.3,136.14,223.24,24.59,65.8,48.44,Pass,No
190,MCH-007,Morning,Mid-Level,High-Load,Steel,Active,32.45,88.77,4263.5,96.48,214.67,58.46,40.62,100.68,Pass,Yes
191,MCH-004,Afternoon,Junior,Normal,Titanium,Active,25.48,87.69,997.4,94.15,228.4,61.36,87.03,76.83,Pass,No
192,MCH-007,Afternoon,Senior,Normal,Aluminum,Partial,34.13,78.5,4000.5,53.45,206.42,65.69,49.12,90.84,Pass,No
193,MCH-008,Afternoon,Mid-Level,High-Load,Steel,Active,25.86,118.91,4383.8,49.95,210.99,37.9,27.36,105.46,Pass,Yes
194,MCH-001,Morning,Mid-Level,Normal,Steel,Partial,21.17,44.31,1208.6,139.98,210.36,45.52,27.2,58.85,Pass,No
195,MCH-006,Afternoon,Mid-Level,Idle,Steel,Inactive,23.53,47.4,3388.3,69.34,230.8,79.06,79.19,94.56,Pass,No
196,MCH-008,Afternoon,Senior,Maintenance,Aluminum,Active,32.94,18.68,661.1,74.65,229.43,33.65,33.9,41.34,Pass,No
197,MCH-005,Morning,Junior,High-Load,Titanium,Partial,27.38,58.71,2121.7,121.18,224.87,77.88,79.05,101.68,Fail,Yes
198,MCH-004,Night,Senior,High-Load,Titanium,Active,25.81,38.72,2565.1,70.66,230.72,59.39,28.53,76.88,Pass,No
199,MCH-002,Morning,Senior,Normal,Titanium,Active,28.64,47.77,2822.6,144.25,211.21,73.35,38.95,64.6,Pass,No
200,MCH-006,Afternoon,Junior,High-Load,Copper,Active,30.01,101.8,4243.7,118.55,223.49,69.95,51.89,111.27,Pass,Yes
201,MCH-006,Morning,Junior,Normal,Copper,Active,32.47,112.9,3189.0,101.69,218.75,34.53,94.89,105.32,Pass,Yes
202,MCH-001,Night,Junior,High-Load,Copper,Active,33.79,30.43,2425.1,135.71,228.47,59.82,93.86,91.8,Pass,No
203,MCH-009,Morning,Mid-Level,Normal,Aluminum,Active,26.56,50.98,3738.7,35.95,218.85,80.74,28.62,76.46,Pass,No
204,MCH-006,Afternoon,Junior,High-Load,Copper,Active,22.7,112.15,4302.1,60.85,216.15,50.25,42.24,105.37,Pass,Yes
205,MCH-003,Night,Senior,Maintenance,Aluminum,Active,26.35,16.8,588.3,85.8,225.41,87.66,23.45,35.51,Pass,No
206,MCH-004,Afternoon,Junior,Idle,Titanium,Active,29.04,20.16,4430.1,57.24,228.76,51.66,55.9,84.52,Pass,No
207,MCH-004,Night,Senior,Maintenance,Copper,Active,24.14,27.91,844.5,119.27,213.32,29.99,51.45,41.4,Fail,No
208,MCH-003,Night,Mid-Level,Normal,Copper,Active,24.17,75.47,3757.5,140.3,219.39,47.26,91.07,88.42,Pass,No
209,MCH-010,Morning,Senior,High-Load,Steel,Active,29.38,26.55,1621.3,80.85,209.42,86.62,93.7,80.37,Pass,No
210,MCH-003,Morning,Senior,High-Load,Aluminum,Inactive,27.81,116.49,1028.7,71.06,195.02,42.38,44.52,91.87,Pass,Yes
211,MCH-003,Afternoon,Junior,Normal,Titanium,Active,28.13,59.14,2259.4,145.39,222.0,80.77,54.26,73.35,Pass,No
212,MCH-004,Morning,Junior,High-Load,Steel,Inactive,24.97,65.17,3075.8,83.38,226.09,81.69,90.66,116.85,Pass,Yes
213,MCH-007,Morning,Senior,High-Load,Steel,Active,27.08,37.13,2023.8,88.69,222.62,44.51,82.6,81.84,Pass,No
214,MCH-004,Night,Junior,Normal,Titanium,Active,24.3,61.81,718.3,72.2,200.5,25.83,10.33,52.49,Pass,No
215,MCH-009,Morning,Mid-Level,Normal,Steel,Active,31.56,82.81,2897.8,139.15,216.49,70.72,38.81,79.92,Pass,No
216,MCH-001,Night,Mid-Level,High-Load,Aluminum,Active,32.14,92.63,4109.6,98.27,197.82,41.81,47.96,105.91,Fail,Yes
217,MCH-008,Night,Junior,High-Load,Aluminum,Active,20.62,92.93,2032.9,121.46,233.7,74.8,30.67,76.12,Pass,No
218,MCH-007,Night,Mid-Level,High-Load,Copper,Inactive,24.28,73.57,1365.3,127.42,209.14,50.99,27.96,89.46,Fail,No
219,MCH-002,Afternoon,Junior,High-Load,Steel,Active,22.01,109.48,2270.3,71.02,232.55,53.97,13.4,76.43,Pass,No
220,MCH-008,Afternoon,Senior,Normal,Copper,Inactive,25.4,99.91,693.5,82.04,229.46,74.45,67.9,86.66,Fail,No
221,MCH-001,Afternoon,Senior,High-Load,Steel,Inactive,27.67,93.28,3782.0,131.82,210.99,46.77,33.63,106.61,Pass,Yes
222,MCH-009,Night,Mid-Level,Normal,Aluminum,Partial,22.2,16.12,3805.4,73.59,208.67,51.02,14.71,66.6,Pass,No
223,MCH-009,Afternoon,Junior,Normal,Aluminum,Partial,24.31,10.76,2852.0,125.27,223.5,46.33,30.79,75.23,Pass,No
224,MCH-002,Afternoon,Junior,Idle,Aluminum,Active,23.98,33.37,1912.4,142.92,211.56,45.71,82.17,66.54,Pass,No
225,MCH-007,Morning,Mid-Level,Normal,Steel,Active,28.83,82.99,3699.1,104.79,221.02,56.82,86.63,98.88,Pass,Yes
226,MCH-010,Afternoon,Senior,Normal,Aluminum,Active,28.28,55.23,2718.7,119.0,215.17,76.62,53.48,76.01,Pass,No
227,MCH-003,Afternoon,Mid-Level,Normal,Steel,Active,25.11,54.26,3803.7,126.61,202.19,45.32,47.45,80.59,Fail,No
228,MCH-007,Night,Senior,High-Load,Copper,Active,28.71,107.3,3025.8,131.4,197.7,56.7,98.01,103.11,Pass,Yes
229,MCH-010,Night,Junior,Normal,Steel,Inactive,25.81,108.51,3637.6,77.41,222.27,66.95,28.05,103.97,Pass,Yes
230,MCH-009,Night,Senior,Normal,Copper,Active,26.91,110.01,2894.3,36.15,214.38,38.86,29.38,75.72,Pass,Yes
231,MCH-004,Night,Mid-Level,Normal,Steel,Active,34.69,44.53,2156.6,78.23,214.47,39.43,36.27,72.07,Pass,No
232,MCH-001,Night,Junior,Normal,Copper,Active,33.36,86.02,4331.8,110.85,226.96,85.34,25.55,86.64,Pass,No
233,MCH-002,Night,Mid-Level,Normal,Aluminum,Active,22.8,39.88,2664.5,84.04,231.73,70.65,44.14,66.99,Pass,No
234,MCH-001,Afternoon,Mid-Level,Idle,Copper,Active,31.32,30.97,2920.4,119.88,217.27,60.4,91.98,77.01,Fail,No
235,MCH-005,Night,Senior,Normal,Aluminum,Partial,31.25,30.31,1382.0,72.84,216.59,65.34,65.38,76.1,Pass,No
236,MCH-005,Night,Mid-Level,High-Load,Aluminum,Active,23.41,47.63,3002.6,106.17,225.0,22.05,47.08,82.66,Pass,No
237,MCH-007,Morning,Senior,Normal,Copper,Active,31.28,57.3,2786.4,52.37,206.43,63.27,94.1,86.49,Pass,No
238,MCH-009,Afternoon,Junior,Normal,Steel,Active,34.15,101.4,1239.4,119.92,222.23,55.67,14.36,70.91,Pass,No
239,MCH-009,Afternoon,Senior,Normal,Steel,Active,23.51,23.19,738.3,95.48,225.52,58.2,28.92,38.65,Pass,No
240,MCH-003,Afternoon,Junior,High-Load,Titanium,Active,24.33,90.84,2917.4,54.49,226.8,45.16,60.93,99.4,Pass,Yes
241,MCH-003,Night,Senior,Normal,Steel,Active,32.07,68.46,3554.8,65.03,200.63,25.7,65.4,93.04,Pass,No
242,MCH-003,Night,Mid-Level,Normal,Titanium,Active,29.09,41.67,2593.6,119.83,212.39,33.53,13.56,63.96,Fail,No
243,MCH-004,Night,Senior,Idle,Steel,Active,30.21,64.21,1407.1,87.91,211.22,86.55,46.27,62.15,Pass,No
244,MCH-008,Morning,Senior,Normal,Steel,Active,29.36,42.99,3166.1,55.92,221.0,48.61,68.42,76.68,Pass,No
245,MCH-006,Night,Junior,Normal,Aluminum,Active,29.56,75.57,820.4,146.07,224.81,52.67,72.83,70.44,Pass,No
246,MCH-008,Morning,Mid-Level,Normal,Titanium,Active,22.69,57.72,2267.3,115.82,234.97,23.69,67.43,71.39,Pass,No
247,MCH-001,Afternoon,Senior,Normal,Steel,Active,32.19,28.08,1153.5,144.86,215.05,22.63,38.85,56.42,Pass,No
248,MCH-008,Night,Mid-Level,Normal,Titanium,Active,32.68,22.82,1237.8,81.25,215.02,70.2,18.42,52.0,Pass,No
249,MCH-004,Morning,Senior,Normal,Aluminum,Partial,27.08,70.14,1309.2,87.01,231.5,57.67,48.44,71.26,Pass,No
250,MCH-001,Morning,Senior,High-Load,Aluminum,Active,27.83,109.27,2046.8,137.75,222.97,55.61,21.59,78.71,Pass,No
251,MCH-008,Night,Mid-Level,High-Load,Titanium,Active,21.88,47.84,704.6,93.01,232.68,37.02,95.29,70.78,Pass,No
252,MCH-004,Afternoon,Senior,High-Load,Aluminum,Active,30.06,90.63,2091.2,114.87,222.89,72.13,52.77,86.16,Pass,No
253,MCH-006,Afternoon,Mid-Level,Maintenance,Copper,Active,30.29,82.45,2546.8,60.26,208.43,31.78,38.55,76.01,Fail,No
254,MCH-008,Afternoon,Senior,Idle,Copper,Active,27.75,112.47,2433.2,83.61,206.67,33.3,78.97,80.13,Pass,Yes
255,MCH-004,Morning,Junior,Normal,Aluminum,Active,32.5,100.31,2031.1,44.81,204.48,52.25,54.82,87.68,Pass,No
256,MCH-003,Morning,Mid-Level,Idle,Copper,Partial,26.66,72.33,3856.6,54.72,226.62,40.04,37.9,80.2,Pass,No
257,MCH-009,Morning,Senior,Normal,Steel,Active,30.26,82.27,1081.3,30.11,231.89,37.32,83.08,74.5,Pass,No
258,MCH-003,Morning,Senior,High-Load,Titanium,Active,23.92,108.82,2522.8,34.71,238.49,65.17,88.04,91.4,Fail,No
259,MCH-009,Afternoon,Junior,Normal,Steel,Active,27.91,53.95,748.2,147.27,228.43,65.57,70.57,63.44,Fail,No
260,MCH-002,Night,Mid-Level,Maintenance,Titanium,Active,27.3,45.95,784.6,59.08,231.63,77.72,14.23,43.27,Pass,No
261,MCH-002,Morning,Senior,Idle,Aluminum,Active,28.9,11.19,2795.5,109.6,214.2,49.24,60.97,59.14,Pass,No
262,MCH-002,Morning,Junior,Maintenance,Steel,Active,26.52,100.92,2764.1,130.69,208.44,25.12,78.7,86.57,Pass,No
263,MCH-006,Afternoon,Senior,Normal,Aluminum,Inactive,27.47,98.11,4012.1,96.08,228.5,39.16,22.29,95.46,Pass,Yes
264,MCH-003,Night,Mid-Level,Normal,Aluminum,Active,31.3,21.49,2731.5,48.38,224.18,88.6,30.58,69.03,Pass,No
265,MCH-009,Night,Senior,Normal,Titanium,Active,26.25,73.45,4339.2,117.37,221.07,61.74,89.42,94.39,Pass,No
266,MCH-004,Afternoon,Senior,Normal,Titanium,Partial,21.57,61.04,694.8,102.03,223.87,69.68,11.81,45.03,Pass,No
267,MCH-001,Afternoon,Senior,Normal,Titanium,Active,35.0,23.06,892.0,117.75,223.23,20.52,77.75,67.64,Fail,No
268,MCH-004,Night,Senior,Normal,Steel,Partial,33.53,117.86,676.3,122.37,232.84,56.27,52.64,76.37,Pass,Yes
269,MCH-001,Morning,Junior,High-Load,Copper,Active,22.83,33.62,1241.1,147.05,232.95,22.63,50.21,67.9,Pass,No
270,MCH-005,Night,Junior,Normal,Titanium,Partial,30.76,17.4,2665.1,98.83,225.44,59.85,10.64,72.23,Pass,No
271,MCH-004,Afternoon,Mid-Level,Normal,Titanium,Active,25.99,75.43,3082.3,71.0,228.46,84.45,83.75,87.87,Pass,No
272,MCH-008,Morning,Junior,Normal,Steel,Inactive,29.05,91.28,682.3,107.82,225.14,87.79,42.38,84.64,Pass,No
273,MCH-008,Morning,Junior,High-Load,Titanium,Partial,29.18,13.57,4283.9,38.21,215.39,57.84,58.67,105.03,Pass,Yes
274,MCH-007,Afternoon,Mid-Level,Normal,Steel,Active,27.06,82.46,3868.7,137.69,227.57,52.07,70.96,89.64,Pass,No
275,MCH-003,Afternoon,Junior,Normal,Aluminum,Partial,24.86,68.55,1686.4,44.33,206.06,86.15,73.24,89.28,Pass,No
276,MCH-001,Afternoon,Junior,Normal,Titanium,Active,25.24,21.36,808.8,69.34,230.54,67.15,96.04,66.63,Pass,No
277,MCH-001,Night,Mid-Level,Normal,Titanium,Active,24.34,28.98,1179.5,127.89,208.05,24.54,57.82,56.49,Pass,No
278,MCH-003,Night,Mid-Level,High-Load,Aluminum,Active,24.67,72.48,1007.8,101.68,222.86,52.6,45.97,73.04,Pass,No
279,MCH-006,Morning,Mid-Level,Normal,Aluminum,Active,27.73,42.6,993.1,77.24,211.55,36.82,95.83,70.72,Fail,No
280,MCH-007,Afternoon,Senior,Normal,Aluminum,Active,25.14,113.21,2574.2,86.81,225.53,52.89,67.79,83.15,Pass,Yes
281,MCH-006,Morning,Senior,High-Load,Titanium,Active,30.73,100.06,1483.4,132.55,219.66,51.88,36.83,85.48,Fail,No
282,MCH-006,Morning,Mid-Level,Normal,Copper,Active,33.95,118.19,1932.6,70.8,204.05,60.75,21.38,75.41,Pass,Yes
283,MCH-006,Morning,Mid-Level,Normal,Copper,Inactive,25.68,38.56,4458.0,134.36,224.21,44.97,85.83,106.15,Pass,Yes
284,MCH-003,Morning,Mid-Level,Normal,Copper,Inactive,28.96,116.67,3237.3,40.58,214.22,31.5,42.6,102.79,Pass,Yes
285,MCH-006,Afternoon,Senior,Maintenance,Titanium,Active,30.0,57.44,4295.9,123.22,228.81,55.26,69.44,90.56,Pass,No
286,MCH-008,Morning,Senior,Normal,Aluminum,Active,29.89,48.23,1070.2,131.71,220.01,78.11,52.37,54.85,Pass,No
287,MCH-002,Afternoon,Junior,High-Load,Titanium,Active,28.3,15.54,2028.6,51.82,223.95,66.48,27.9,64.09,Pass,No
288,MCH-005,Afternoon,Junior,Normal,Aluminum,Active,30.97,15.8,2718.9,81.64,210.42,43.69,64.15,74.83,Pass,No
289,MCH-001,Night,Mid-Level,Idle,Titanium,Active,29.93,86.12,807.0,49.86,214.11,85.49,15.46,46.54,Pass,No
290,MCH-001,Afternoon,Senior,Normal,Titanium,Active,23.05,60.37,516.7,114.79,215.41,83.85,47.2,49.05,Pass,No
291,MCH-005,Night,Senior,Maintenance,Aluminum,Active,31.48,34.92,3181.7,94.24,228.57,34.65,59.2,75.05,Pass,No
292,MCH-003,Afternoon,Senior,Normal,Copper,Partial,31.55,77.54,3067.3,106.24,236.77,22.76,49.24,85.66,Pass,No
293,MCH-004,Afternoon,Mid-Level,High-Load,Aluminum,Active,24.95,37.81,2143.2,53.58,211.95,71.89,77.38,76.99,Pass,No
294,MCH-003,Afternoon,Junior,High-Load,Steel,Active,28.15,73.54,2458.6,55.41,230.77,77.93,84.51,97.24,Pass,Yes
295,MCH-001,Night,Mid-Level,Normal,Steel,Active,30.73,49.51,2161.8,34.98,198.3,87.75,79.41,81.09,Pass,No
296,MCH-001,Night,Junior,Normal,Aluminum,Active,27.16,100.59,596.0,68.65,208.06,82.29,13.49,53.42,Pass,No
297,MCH-005,Morning,Junior,Normal,Titanium,Active,32.29,100.28,1841.5,97.17,210.41,62.04,27.47,78.2,Pass,No
298,MCH-006,Night,Mid-Level,Normal,Steel,Active,37.46,62.51,1208.3,132.95,206.47,57.1,58.29,75.81,Pass,No
299,MCH-003,Night,Junior,High-Load,Steel,Active,24.86,48.59,893.7,110.03,204.16,21.95,94.13,83.33,Pass,No
300,MCH-009,Night,Junior,Maintenance,Titanium,Active,22.48,49.88,4326.9,82.25,224.13,37.27,85.15,93.89,Pass,No
301,MCH-005,Night,Senior,Normal,Titanium,Partial,29.22,98.63,2897.4,144.37,217.86,52.17,85.83,104.41,Pass,Yes
302,MCH-008,Morning,Junior,Normal,Copper,Partial,30.89,46.1,3414.6,116.31,223.79,64.0,37.29,87.2,Fail,No
303,MCH-001,Night,Mid-Level,High-Load,Titanium,Active,27.08,33.0,1761.5,141.62,226.9,59.01,48.65,72.35,Pass,No
304,MCH-005,Afternoon,Mid-Level,Normal,Aluminum,Active,33.81,19.32,2072.6,93.31,222.66,71.98,52.36,67.23,Pass,No
305,MCH-003,Afternoon,Junior,High-Load,Aluminum,Active,22.65,61.34,1447.7,61.07,226.58,39.58,24.16,67.65,Pass,No
306,MCH-001,Night,Senior,Normal,Copper,Active,30.77,63.03,887.9,36.34,219.3,59.55,12.8,55.83,Fail,No
307,MCH-004,Night,Senior,High-Load,Steel,Active,25.58,102.5,1216.1,117.13,208.13,26.17,95.22,82.77,Pass,No
308,MCH-005,Afternoon,Junior,Idle,Steel,Active,34.88,34.34,3690.1,44.56,230.58,48.96,31.66,73.66,Pass,No
309,MCH-007,Afternoon,Junior,Normal,Titanium,Active,35.97,51.91,3210.2,66.33,214.11,72.51,31.6,86.43,Pass,No
310,MCH-001,Morning,Mid-Level,Normal,Aluminum,Active,24.93,98.92,2687.7,93.9,210.64,68.54,17.5,73.77,Pass,No
311,MCH-003,Afternoon,Junior,Normal,Steel,Active,25.8,100.6,2400.4,97.73,218.22,89.34,93.57,90.38,Pass,No
312,MCH-002,Afternoon,Senior,Normal,Copper,Partial,31.44,52.31,4189.7,102.07,210.87,39.45,62.18,98.56,Pass,Yes
313,MCH-009,Night,Junior,High-Load,Copper,Partial,26.45,60.5,790.9,49.95,215.83,54.87,70.03,85.93,Fail,No
314,MCH-010,Afternoon,Mid-Level,High-Load,Aluminum,Inactive,27.82,43.36,1622.4,75.57,223.44,43.07,92.04,103.61,Fail,Yes
315,MCH-006,Morning,Mid-Level,Normal,Copper,Active,28.1,112.58,1899.8,104.06,223.48,50.84,41.11,75.52,Pass,Yes
316,MCH-010,Afternoon,Mid-Level,Idle,Copper,Partial,20.32,23.05,3629.7,146.38,211.02,79.99,65.94,78.89,Pass,No
317,MCH-003,Night,Mid-Level,Idle,Aluminum,Active,27.94,112.71,4470.1,117.32,215.12,67.89,13.49,90.21,Pass,Yes
318,MCH-008,Night,Mid-Level,Normal,Titanium,Inactive,25.24,85.23,1462.7,140.71,230.74,81.77,26.81,78.27,Pass,No
319,MCH-008,Afternoon,Junior,Normal,Titanium,Active,26.03,68.47,3997.2,121.47,224.96,34.25,84.81,96.67,Pass,Yes
320,MCH-002,Night,Junior,Normal,Copper,Inactive,33.77,13.59,3822.5,101.01,240.75,81.14,79.01,107.94,Pass,Yes
321,MCH-006,Morning,Junior,Normal,Titanium,Active,22.97,62.32,1398.6,53.04,231.8,24.18,41.56,60.94,Pass,No
322,MCH-007,Morning,Junior,Normal,Titanium,Partial,31.25,54.85,2097.3,110.0,231.44,82.2,43.91,88.6,Pass,No
323,MCH-002,Afternoon,Mid-Level,Normal,Copper,Partial,26.88,27.73,2138.7,104.81,206.12,43.04,58.02,74.81,Pass,No
324,MCH-010,Afternoon,Senior,Normal,Titanium,Active,26.88,82.21,4412.9,102.3,227.64,42.02,10.02,77.21,Fail,No
325,MCH-002,Afternoon,Junior,Maintenance,Copper,Active,31.16,116.83,1223.6,88.77,219.47,55.85,31.71,68.34,Pass,Yes
326,MCH-010,Night,Senior,Normal,Steel,Partial,29.36,71.84,3696.6,93.44,214.49,85.85,28.74,88.69,Pass,No
327,MCH-001,Morning,Junior,High-Load,Aluminum,Active,30.28,88.62,1836.8,70.13,221.68,23.34,32.54,86.02,Pass,No
328,MCH-008,Morning,Junior,Normal,Aluminum,Partial,31.87,17.53,3423.5,92.32,229.45,44.66,82.53,94.19,Pass,No
329,MCH-001,Night,Senior,Normal,Titanium,Active,26.67,55.94,2180.0,53.71,225.01,79.96,35.17,64.14,Pass,No
330,MCH-009,Morning,Mid-Level,High-Load,Titanium,Active,25.55,22.8,2813.4,126.62,211.22,47.72,27.24,67.41,Pass,No
331,MCH-006,Afternoon,Junior,High-Load,Titanium,Active,23.66,77.41,3830.4,52.29,227.42,33.94,55.38,98.02,Fail,Yes
332,MCH-007,Afternoon,Junior,Maintenance,Aluminum,Active,24.7,113.23,3716.7,40.2,213.62,49.74,87.91,99.87,Pass,Yes
333,MCH-010,Afternoon,Junior,Normal,Steel,Inactive,39.8,82.8,3965.7,82.35,222.17,46.99,31.72,116.53,Pass,Yes
334,MCH-007,Morning,Senior,Normal,Steel,Active,32.98,18.45,738.5,109.0,216.97,84.08,17.07,43.16,Pass,No
335,MCH-010,Afternoon,Mid-Level,High-Load,Aluminum,Active,22.6,49.01,3268.2,82.53,217.81,73.34,42.08,77.35,Pass,No
336,MCH-003,Night,Senior,Normal,Steel,Active,22.71,70.57,1059.9,63.21,227.66,55.36,77.29,60.81,Pass,No
337,MCH-002,Night,Senior,Normal,Aluminum,Active,29.93,54.35,2163.3,96.98,209.6,89.19,59.56,66.71,Pass,No
338,MCH-009,Morning,Mid-Level,Idle,Steel,Partial,30.19,101.7,2694.4,71.64,239.45,52.57,83.51,97.95,Pass,Yes
339,MCH-008,Night,Senior,Idle,Copper,Partial,30.2,99.61,2111.0,141.94,201.79,24.08,96.36,93.91,Pass,No
340,MCH-010,Night,Mid-Level,High-Load,Copper,Active,26.98,77.3,2578.4,140.72,214.02,38.36,81.34,94.82,Pass,No
341,MCH-007,Morning,Junior,Normal,Aluminum,Inactive,27.5,51.08,4486.1,90.28,223.7,50.52,64.34,112.15,Pass,Yes
342,MCH-009,Afternoon,Mid-Level,Normal,Steel,Inactive,29.31,38.09,1040.9,69.35,225.84,30.98,54.4,75.89,Pass,No
343,MCH-004,Afternoon,Junior,Normal,Titanium,Active,28.34,21.65,3201.8,118.46,219.0,86.33,13.61,66.3,Pass,No
344,MCH-004,Afternoon,Senior,Normal,Steel,Partial,19.12,49.04,2084.0,34.41,219.43,73.68,98.59,77.33,Fail,No
345,MCH-001,Morning,Senior,Idle,Copper,Active,27.08,55.45,1032.0,86.97,224.11,38.78,44.51,49.13,Pass,No
346,MCH-008,Night,Junior,Normal,Copper,Active,24.59,84.34,1134.9,70.36,217.69,61.36,23.7,55.84,Pass,No
347,MCH-003,Afternoon,Senior,Idle,Steel,Partial,28.7,82.4,4297.1,140.46,233.93,70.5,70.0,96.41,Pass,Yes
348,MCH-007,Afternoon,Mid-Level,High-Load,Steel,Active,39.94,17.71,4018.4,31.44,228.39,85.89,35.59,93.93,Pass,No
349,MCH-002,Morning,Junior,Normal,Titanium,Inactive,29.47,53.48,4128.2,96.34,228.73,81.71,62.72,109.51,Pass,Yes
350,MCH-002,Afternoon,Senior,Normal,Titanium,Partial,26.75,30.0,4466.1,118.88,210.34,56.06,62.81,91.12,Pass,No
351,MCH-007,Morning,Junior,High-Load,Steel,Active,31.69,27.25,1333.3,88.2,219.21,74.23,50.12,74.3,Pass,No
352,MCH-006,Night,Mid-Level,High-Load,Steel,Partial,29.93,101.0,1921.8,40.25,217.0,59.35,85.25,101.42,Pass,Yes
353,MCH-003,Morning,Mid-Level,Normal,Steel,Active,29.68,14.61,3176.9,146.7,209.94,58.69,33.85,68.57,Pass,No
354,MCH-009,Morning,Senior,Normal,Steel,Active,30.43,56.11,2435.2,92.16,223.6,28.03,50.38,73.44,Pass,No
355,MCH-010,Morning,Mid-Level,Normal,Aluminum,Active,36.23,28.5,2173.6,103.7,214.62,28.83,58.39,70.8,Pass,No
356,MCH-006,Morning,Junior,High-Load,Steel,Partial,23.48,106.73,1931.2,58.39,226.55,57.07,69.73,99.28,Pass,Yes
357,MCH-010,Night,Mid-Level,Maintenance,Titanium,Active,29.89,71.27,2875.1,88.02,209.3,38.82,80.56,85.0,Pass,No
358,MCH-010,Night,Junior,High-Load,Copper,Active,24.29,35.45,2802.4,81.5,237.19,21.47,45.53,78.37,Pass,No
359,MCH-006,Afternoon,Junior,Normal,Aluminum,Active,30.22,65.27,1145.8,38.99,211.04,70.6,68.14,71.24,Pass,No
360,MCH-001,Night,Mid-Level,High-Load,Steel,Inactive,24.33,90.46,2387.0,42.74,222.19,22.27,23.55,93.68,Fail,No
361,MCH-004,Night,Senior,Normal,Copper,Active,26.33,115.39,2713.9,130.5,227.92,61.67,93.94,87.49,Fail,Yes
362,MCH-010,Afternoon,Mid-Level,Idle,Aluminum,Active,26.82,34.25,2781.1,58.78,214.29,57.74,44.48,63.96,Pass,No
363,MCH-006,Night,Junior,Normal,Copper,Active,31.9,107.48,1340.4,53.39,228.52,87.82,75.66,82.09,Pass,No
364,MCH-006,Morning,Junior,Maintenance,Steel,Active,31.67,112.77,3469.1,90.59,207.71,53.89,11.83,86.26,Pass,Yes
365,MCH-005,Morning,Mid-Level,Normal,Steel,Inactive,23.02,110.81,600.8,122.25,234.52,24.45,28.47,79.68,Pass,Yes
366,MCH-001,Afternoon,Senior,High-Load,Titanium,Active,28.22,79.9,1919.3,37.43,220.14,58.62,53.84,77.7,Pass,No
367,MCH-008,Afternoon,Senior,Normal,Steel,Active,25.16,79.28,3620.9,99.22,214.04,78.88,89.04,91.37,Pass,No
368,MCH-005,Afternoon,Junior,Normal,Steel,Partial,22.97,54.35,2755.6,44.31,217.01,89.78,57.45,81.05,Pass,No
369,MCH-005,Morning,Junior,Idle,Aluminum,Active,27.13,92.76,1544.6,34.38,228.09,50.12,93.69,81.73,Pass,No
370,MCH-007,Night,Senior,Normal,Titanium,Partial,26.77,68.44,3279.8,36.33,214.16,42.42,53.54,81.92,Fail,No
371,MCH-004,Morning,Mid-Level,High-Load,Aluminum,Active,37.71,84.52,2769.6,130.1,212.51,83.47,54.14,99.77,Pass,Yes
372,MCH-006,Afternoon,Junior,Normal,Copper,Inactive,29.73,57.13,3685.0,44.16,217.78,33.39,20.78,91.54,Pass,No
373,MCH-004,Night,Junior,High-Load,Steel,Active,22.49,90.46,3440.1,35.42,208.23,63.08,82.24,101.76,Pass,Yes
374,MCH-003,Night,Senior,High-Load,Copper,Active,25.74,100.69,2940.4,82.55,238.21,48.4,32.23,81.21,Fail,No
375,MCH-007,Morning,Mid-Level,Maintenance,Aluminum,Inactive,32.09,26.11,2452.7,131.28,214.34,22.88,90.97,95.3,Pass,Yes
376,MCH-008,Afternoon,Senior,Normal,Steel,Inactive,36.35,101.62,1032.7,61.49,228.32,44.31,91.97,95.53,Fail,Yes
377,MCH-004,Morning,Mid-Level,Normal,Steel,Inactive,21.66,69.43,1545.3,80.61,222.09,38.57,94.9,90.3,Fail,No
378,MCH-002,Night,Mid-Level,Normal,Aluminum,Active,20.48,102.91,2176.4,34.79,210.15,68.03,56.82,72.64,Fail,No
379,MCH-010,Morning,Mid-Level,Maintenance,Aluminum,Inactive,35.48,57.44,2897.2,83.89,219.94,86.42,70.94,98.89,Fail,Yes
380,MCH-003,Morning,Junior,Maintenance,Aluminum,Inactive,29.56,51.69,2554.8,99.31,227.84,38.76,80.07,96.59,Pass,Yes
381,MCH-001,Afternoon,Senior,Normal,Aluminum,Active,24.53,110.66,1652.7,98.51,218.12,76.8,21.79,60.08,Pass,Yes
382,MCH-008,Afternoon,Senior,High-Load,Aluminum,Inactive,30.14,37.63,525.9,69.89,231.93,23.88,64.09,82.12,Pass,No
383,MCH-003,Night,Mid-Level,Normal,Steel,Inactive,17.46,102.86,2485.0,67.86,230.22,57.67,13.09,82.3,Pass,No
384,MCH-010,Morning,Junior,Normal,Aluminum,Active,28.01,63.24,1642.5,42.79,229.19,24.94,54.78,69.09,Pass,No
385,MCH-007,Morning,Junior,Idle,Steel,Active,29.31,66.55,3438.4,74.02,215.4,85.38,23.94,76.78,Pass,No
386,MCH-010,Morning,Senior,High-Load,Steel,Active,31.7,43.93,595.8,41.94,209.2,73.64,26.46,64.42,Pass,No
387,MCH-005,Night,Junior,Normal,Aluminum,Active,23.94,73.03,2839.3,121.99,213.86,66.06,42.85,73.68,Pass,No
388,MCH-010,Night,Junior,High-Load,Aluminum,Active,28.34,45.77,4265.9,145.95,221.96,77.67,48.92,93.35,Pass,No
389,MCH-005,Afternoon,Mid-Level,High-Load,Titanium,Active,24.3,14.32,1197.6,146.41,225.46,65.33,66.09,67.57,Pass,No
390,MCH-007,Afternoon,Junior,High-Load,Steel,Active,29.02,39.92,2386.6,133.81,198.28,87.83,16.7,72.97,Pass,No
391,MCH-009,Afternoon,Mid-Level,Idle,Aluminum,Active,24.42,10.7,865.7,102.1,219.92,69.98,55.33,50.49,Pass,No
392,MCH-005,Morning,Senior,Normal,Aluminum,Active,26.37,117.62,3002.7,114.1,221.58,84.73,26.44,76.77,Fail,Yes
393,MCH-001,Morning,Junior,Normal,Aluminum,Inactive,24.02,116.23,2702.1,64.22,217.22,56.2,61.66,99.61,Pass,Yes
394,MCH-010,Afternoon,Senior,Normal,Titanium,Partial,30.6,53.47,2129.5,105.69,232.91,28.19,67.37,77.36,Pass,No
395,MCH-010,Morning,Senior,Idle,Titanium,Active,31.43,90.12,2585.5,84.68,224.22,56.97,60.1,78.57,Pass,No
396,MCH-001,Afternoon,Junior,Maintenance,Copper,Partial,27.06,48.04,4086.3,87.84,233.1,28.88,76.45,95.84,Pass,Yes
397,MCH-002,Night,Junior,Normal,Steel,Active,28.15,83.82,1285.2,120.93,217.84,61.47,40.2,68.67,Pass,No
398,MCH-006,Afternoon,Senior,Normal,Copper,Active,22.21,98.6,590.3,63.83,229.37,53.77,78.86,67.37,Pass,No
399,MCH-009,Night,Junior,Normal,Aluminum,Active,26.8,114.14,3946.7,68.16,236.35,63.58,48.95,93.95,Pass,Yes
400,MCH-008,Morning,Mid-Level,Normal,Titanium,Active,27.8,54.02,2808.5,140.96,233.12,20.7,53.58,75.34,Pass,No
401,MCH-005,Afternoon,Mid-Level,Normal,Titanium,Inactive,38.48,96.16,4062.6,36.75,209.08,33.64,68.33,119.44,Pass,Yes
402,MCH-001,Morning,Junior,Normal,Copper,Inactive,23.55,39.25,2887.8,88.28,217.46,54.39,11.65,79.81,Pass,No
403,MCH-007,Night,Senior,Maintenance,Titanium,Active,33.86,118.94,3740.6,139.54,216.55,86.54,68.86,97.99,Fail,Yes
404,MCH-005,Night,Junior,Normal,Aluminum,Active,31.99,12.83,2218.7,103.24,224.89,46.85,65.67,72.74,Pass,No
405,MCH-006,Night,Junior,Maintenance,Titanium,Active,29.12,76.39,3499.4,95.57,226.86,49.71,37.89,81.91,Pass,No
406,MCH-007,Morning,Senior,High-Load,Copper,Active,35.03,82.55,4152.2,59.97,211.61,70.03,17.72,93.39,Fail,No
407,MCH-003,Morning,Senior,Normal,Aluminum,Active,29.49,85.69,2788.5,71.19,220.68,62.27,18.18,65.67,Pass,No
408,MCH-010,Morning,Mid-Level,Maintenance,Copper,Active,29.56,23.24,1223.1,132.25,199.8,40.92,93.09,67.08,Pass,No
409,MCH-003,Morning,Senior,Normal,Titanium,Inactive,27.79,113.24,1575.2,97.11,234.42,48.76,72.04,98.04,Pass,Yes
410,MCH-005,Night,Mid-Level,High-Load,Copper,Partial,32.89,29.93,1294.6,91.77,214.88,35.24,21.44,71.08,Fail,No
411,MCH-006,Night,Senior,Normal,Copper,Active,32.39,78.5,1487.4,41.95,220.56,87.62,42.11,64.77,Pass,No
412,MCH-009,Afternoon,Junior,High-Load,Steel,Partial,25.5,34.49,1725.7,31.92,216.9,29.14,63.32,82.79,Pass,No
413,MCH-005,Afternoon,Mid-Level,High-Load,Titanium,Active,22.72,43.79,2720.5,145.64,231.46,46.03,85.2,89.11,Pass,No
414,MCH-001,Morning,Mid-Level,High-Load,Titanium,Active,27.19,70.11,2852.0,75.24,191.62,21.81,13.93,79.45,Pass,No
415,MCH-004,Night,Mid-Level,High-Load,Copper,Active,24.8,55.89,2206.0,102.39,219.83,35.52,31.3,72.66,Pass,No
416,MCH-005,Night,Junior,Normal,Steel,Active,27.75,27.62,2961.7,39.57,218.94,74.63,90.08,81.6,Pass,No
417,MCH-010,Night,Junior,Idle,Titanium,Partial,32.95,28.8,826.3,111.97,215.46,34.08,10.82,54.57,Pass,No
418,MCH-010,Afternoon,Junior,Normal,Aluminum,Active,26.17,56.0,851.2,141.91,237.26,25.6,28.13,51.23,Pass,No
419,MCH-005,Afternoon,Junior,Normal,Copper,Active,27.83,93.3,1187.3,99.08,211.13,53.21,96.31,83.56,Pass,No
420,MCH-007,Night,Junior,High-Load,Titanium,Active,28.23,108.78,2572.3,45.13,227.72,20.7,65.21,101.64,Pass,Yes
421,MCH-004,Night,Mid-Level,Normal,Aluminum,Active,31.39,19.25,1356.0,99.81,223.56,25.93,33.55,52.5,Pass,No
422,MCH-001,Night,Junior,Maintenance,Titanium,Partial,19.01,53.24,1633.1,121.96,232.62,76.53,16.03,53.2,Pass,No
423,MCH-005,Afternoon,Mid-Level,Normal,Aluminum,Active,25.57,21.03,2101.3,78.77,213.33,74.0,12.54,57.18,Pass,No
424,MCH-007,Night,Junior,High-Load,Copper,Active,28.85,11.83,3747.5,135.58,212.67,84.06,32.03,82.37,Fail,No
425,MCH-010,Night,Senior,Normal,Titanium,Active,32.8,82.79,555.4,107.84,230.96,79.82,89.33,76.1,Pass,No
426,MCH-010,Morning,Mid-Level,High-Load,Titanium,Active,26.03,76.27,3097.5,137.91,224.25,67.82,47.43,88.03,Pass,No
427,MCH-006,Morning,Senior,Maintenance,Steel,Active,20.49,27.93,3175.5,104.82,204.55,23.66,74.83,66.97,Pass,No
428,MCH-005,Afternoon,Mid-Level,Normal,Copper,Active,30.48,35.72,3694.6,45.75,214.61,74.8,92.65,92.55,Pass,No
429,MCH-004,Night,Senior,Normal,Aluminum,Active,25.46,12.61,4231.0,67.16,223.86,79.19,46.72,70.4,Pass,No
430,MCH-002,Night,Junior,High-Load,Titanium,Inactive,23.24,101.84,580.6,54.22,228.38,75.94,27.21,84.28,Pass,No
431,MCH-004,Morning,Junior,Normal,Titanium,Inactive,25.5,117.22,1115.1,139.06,213.21,55.59,56.54,88.6,Fail,Yes
432,MCH-010,Afternoon,Junior,Normal,Aluminum,Inactive,27.26,24.9,4044.7,121.25,190.86,36.3,91.73,103.39,Pass,Yes
433,MCH-010,Morning,Mid-Level,Normal,Copper,Active,25.58,35.46,2334.1,111.17,225.23,79.17,82.39,75.14,Pass,No
434,MCH-003,Morning,Senior,Normal,Steel,Active,19.18,105.53,2758.4,66.12,207.8,70.9,15.92,63.57,Pass,No
435,MCH-010,Morning,Junior,Normal,Steel,Active,31.59,111.91,3152.1,52.09,199.83,88.65,72.33,98.05,Fail,Yes
436,MCH-001,Morning,Senior,Idle,Titanium,Inactive,33.1,56.16,3216.3,120.77,191.68,30.9,61.47,87.59,Pass,No
437,MCH-008,Night,Senior,Idle,Aluminum,Active,30.61,15.57,4227.0,86.9,228.14,35.8,91.67,87.65,Pass,No
438,MCH-005,Night,Junior,Normal,Titanium,Active,23.45,14.33,4487.8,57.09,221.29,34.83,21.02,75.94,Pass,No
439,MCH-004,Morning,Junior,Maintenance,Aluminum,Active,27.19,73.13,3380.6,103.99,217.74,75.48,58.06,86.65,Pass,No
440,MCH-008,Afternoon,Senior,Normal,Steel,Active,27.97,53.22,1648.9,34.84,233.89,33.08,89.15,71.45,Pass,No
441,MCH-007,Afternoon,Junior,Maintenance,Copper,Active,30.4,13.15,4019.0,69.14,226.37,24.67,46.9,73.31,Fail,No
442,MCH-002,Afternoon,Junior,Normal,Aluminum,Active,30.67,74.16,696.9,86.23,236.16,89.9,53.38,73.52,Pass,No
443,MCH-001,Afternoon,Junior,Normal,Steel,Inactive,25.06,11.24,1424.3,47.76,206.07,21.74,16.34,63.9,Pass,No
444,MCH-004,Morning,Mid-Level,Normal,Titanium,Active,28.33,96.61,4089.5,148.16,219.65,78.47,35.03,86.08,Pass,No
445,MCH-008,Night,Senior,Normal,Aluminum,Active,29.83,43.71,1524.8,55.09,203.83,45.58,39.21,60.06,Pass,No
446,MCH-002,Afternoon,Senior,Normal,Copper,Active,33.82,14.43,1382.6,45.64,217.71,78.91,95.06,73.48,Pass,No
447,MCH-003,Morning,Mid-Level,Normal,Titanium,Active,30.82,74.72,1052.5,54.42,217.51,58.82,35.44,63.08,Pass,No
448,MCH-001,Afternoon,Senior,Normal,Titanium,Active,31.16,53.75,3936.4,122.29,226.27,83.11,51.48,87.2,Pass,No
449,MCH-001,Afternoon,Junior,Normal,Steel,Inactive,28.34,117.12,2500.2,81.06,220.46,84.83,70.42,109.49,Fail,Yes
450,MCH-003,Morning,Senior,High-Load,Aluminum,Active,33.64,69.86,3199.6,97.85,226.23,20.64,24.6,82.36,Pass,No
451,MCH-005,Night,Junior,Normal,Titanium,Inactive,29.64,40.28,1456.3,32.52,227.03,25.28,53.78,80.17,Pass,No
452,MCH-003,Night,Mid-Level,Idle,Copper,Active,24.56,88.04,3532.2,34.13,241.55,37.53,76.47,86.78,Pass,No
453,MCH-001,Morning,Junior,High-Load,Aluminum,Active,33.61,39.86,3540.0,83.5,216.85,66.85,88.02,96.93,Fail,Yes
454,MCH-001,Night,Senior,Normal,Copper,Inactive,30.79,109.47,1750.4,128.0,210.59,82.18,66.36,93.63,Pass,No
455,MCH-008,Morning,Senior,Idle,Titanium,Active,26.23,51.22,2142.7,136.23,222.46,52.2,70.21,59.45,Pass,No
456,MCH-010,Morning,Senior,Maintenance,Copper,Active,26.08,70.49,1338.8,40.4,211.98,62.49,21.37,49.94,Pass,No
457,MCH-002,Morning,Mid-Level,Idle,Steel,Active,29.19,15.56,4406.2,94.6,234.82,33.19,95.12,86.1,Pass,No
458,MCH-003,Night,Mid-Level,High-Load,Copper,Active,29.85,56.87,3082.4,139.59,217.17,76.35,21.93,80.74,Pass,No
459,MCH-002,Morning,Senior,Maintenance,Aluminum,Inactive,28.79,101.56,4238.2,76.56,214.34,87.71,79.72,109.19,Fail,Yes
460,MCH-003,Afternoon,Junior,Normal,Copper,Active,29.25,98.62,1713.5,129.55,215.29,38.8,33.83,70.33,Pass,No
461,MCH-007,Night,Mid-Level,Normal,Copper,Inactive,34.8,34.68,3627.6,46.04,227.18,54.64,94.02,116.22,Fail,Yes
462,MCH-001,Night,Senior,Normal,Steel,Partial,32.29,34.87,3563.4,142.25,218.42,26.03,74.8,97.66,Pass,Yes
463,MCH-010,Night,Senior,Normal,Copper,Active,28.76,99.9,3266.6,120.17,213.58,59.14,77.84,87.04,Pass,No
464,MCH-008,Night,Mid-Level,Normal,Copper,Partial,31.77,112.34,4362.6,142.96,236.65,55.19,29.72,107.24,Pass,Yes
465,MCH-010,Afternoon,Mid-Level,High-Load,Titanium,Active,23.87,20.49,2074.2,111.19,211.44,30.11,49.87,68.91,Pass,No
466,MCH-010,Night,Mid-Level,Idle,Titanium,Partial,29.59,59.51,1022.9,73.61,220.36,50.94,65.6,69.34,Pass,No
467,MCH-010,Night,Junior,Normal,Aluminum,Active,35.24,47.12,3186.8,142.58,226.52,43.39,79.3,92.46,Pass,No
468,MCH-002,Morning,Junior,Maintenance,Titanium,Active,27.13,105.78,3417.2,63.07,203.69,56.53,19.36,77.77,Pass,No
469,MCH-003,Night,Senior,High-Load,Titanium,Active,24.61,19.19,2800.2,69.86,224.8,61.0,96.61,87.77,Pass,No
470,MCH-009,Afternoon,Mid-Level,Normal,Titanium,Active,25.39,33.22,1327.3,114.1,209.45,20.59,90.12,68.08,Pass,No
471,MCH-007,Afternoon,Junior,Normal,Titanium,Active,23.64,92.77,2517.8,121.84,228.23,73.27,34.33,73.11,Pass,No
472,MCH-004,Afternoon,Mid-Level,Normal,Steel,Inactive,24.86,15.64,1748.8,141.53,210.37,69.91,84.05,77.2,Pass,No
473,MCH-010,Afternoon,Senior,Normal,Titanium,Active,26.52,64.18,2209.9,54.58,226.93,45.64,56.65,66.58,Pass,No
474,MCH-005,Night,Junior,Normal,Steel,Active,22.38,58.63,3080.9,125.76,231.06,23.71,51.56,71.6,Pass,No
475,MCH-002,Night,Junior,Normal,Steel,Inactive,28.06,46.78,3480.9,118.63,228.61,72.85,38.3,93.93,Pass,No
476,MCH-008,Afternoon,Junior,High-Load,Titanium,Active,31.61,53.4,1428.9,37.66,222.51,86.86,62.29,79.28,Pass,No
477,MCH-004,Afternoon,Senior,Normal,Copper,Partial,24.37,68.29,2121.3,76.47,217.69,36.81,75.69,79.5,Pass,No
478,MCH-009,Night,Mid-Level,Normal,Steel,Inactive,34.08,27.75,1576.6,63.93,214.24,42.65,46.98,84.01,Pass,No
479,MCH-005,Afternoon,Junior,Normal,Copper,Partial,30.04,72.92,1294.5,66.54,234.71,32.87,66.63,86.51,Pass,No
480,MCH-009,Morning,Senior,Normal,Copper,Inactive,32.12,98.6,3633.5,147.95,213.01,60.39,72.94,109.53,Fail,Yes
481,MCH-004,Afternoon,Mid-Level,High-Load,Titanium,Active,25.37,93.62,4137.0,107.13,209.63,30.84,74.0,105.31,Pass,Yes
482,MCH-010,Afternoon,Senior,High-Load,Aluminum,Active,31.42,26.93,1980.9,116.12,226.65,44.93,14.68,70.34,Pass,No
483,MCH-005,Morning,Mid-Level,High-Load,Titanium,Inactive,23.63,26.42,3505.1,147.19,212.04,68.79,87.38,107.98,Pass,Yes
484,MCH-009,Morning,Senior,Idle,Aluminum,Active,31.56,39.5,4088.0,75.26,210.5,59.21,51.24,75.45,Pass,No
485,MCH-008,Night,Mid-Level,Normal,Aluminum,Active,28.69,49.72,3884.5,126.22,205.56,47.05,33.62,74.58,Pass,No
486,MCH-003,Night,Junior,Normal,Titanium,Active,30.21,54.93,1231.3,82.14,215.17,49.42,31.76,64.02,Fail,No
487,MCH-001,Morning,Mid-Level,Idle,Titanium,Partial,23.3,84.77,4325.2,134.34,219.17,59.35,53.47,93.26,Pass,No
488,MCH-003,Morning,Senior,Normal,Aluminum,Active,24.42,16.23,2006.7,51.68,222.43,20.41,89.81,64.41,Pass,No
489,MCH-004,Night,Senior,High-Load,Titanium,Active,30.39,13.81,1857.0,143.72,229.51,25.5,44.05,68.94,Pass,No
490,MCH-002,Afternoon,Mid-Level,Normal,Aluminum,Active,24.21,53.11,749.7,56.25,225.27,81.69,77.48,61.33,Pass,No
491,MCH-001,Morning,Junior,Normal,Copper,Active,29.85,86.69,2444.7,69.15,218.09,25.45,18.71,73.47,Pass,No
492,MCH-007,Night,Junior,Normal,Titanium,Active,22.53,31.28,936.1,120.74,218.02,69.48,52.85,48.27,Pass,No
493,MCH-008,Afternoon,Mid-Level,Idle,Copper,Active,31.39,80.57,1494.2,77.25,225.1,84.4,99.25,77.31,Pass,No
494,MCH-007,Morning,Mid-Level,Normal,Steel,Active,23.07,38.58,1767.8,102.99,232.73,38.95,79.34,70.38,Pass,No
495,MCH-005,Afternoon,Senior,Maintenance,Copper,Inactive,30.21,107.47,3735.3,83.35,221.26,45.93,28.95,94.47,Pass,No
496,MCH-001,Night,Junior,High-Load,Copper,Active,30.5,108.53,4002.0,119.08,215.31,59.82,55.13,109.56,Pass,Yes
497,MCH-007,Morning,Mid-Level,Maintenance,Aluminum,Inactive,25.21,42.7,1709.9,57.4,210.07,81.72,31.03,67.07,Pass,No
498,MCH-007,Afternoon,Junior,Normal,Copper,Partial,30.33,35.3,3934.8,37.01,205.55,85.93,46.86,93.55,Pass,No
499,MCH-009,Morning,Mid-Level,Normal,Titanium,Active,29.04,55.24,3928.9,65.99,226.66,71.77,80.21,91.4,Pass,No
500,MCH-003,Afternoon,Mid-Level,Normal,Aluminum,Active,25.84,36.46,3558.6,86.92,225.78,26.06,79.41,80.46,Pass,No
501,MCH-009,Night,Junior,Normal,Steel,Active,23.97,83.96,1086.8,50.16,225.77,66.84,30.53,65.25,Pass,No
502,MCH-001,Night,Mid-Level,High-Load,Titanium,Partial,20.15,100.87,3261.3,72.58,218.71,48.72,93.0,111.33,Pass,Yes
503,MCH-001,Morning,Mid-Level,Idle,Steel,Active,29.4,84.04,4280.1,78.0,234.07,52.95,63.33,87.83,Pass,No
504,MCH-004,Afternoon,Senior,Normal,Copper,Active,21.74,100.68,3230.2,36.89,215.16,23.44,44.19,77.84,Fail,No
505,MCH-009,Morning,Mid-Level,Normal,Titanium,Active,28.38,53.67,1826.5,100.0,229.55,33.37,55.17,70.26,Pass,No
506,MCH-006,Morning,Mid-Level,Normal,Titanium,Active,26.95,27.19,2502.3,136.12,219.61,75.34,64.46,72.59,Pass,No
507,MCH-003,Afternoon,Mid-Level,High-Load,Steel,Active,30.72,91.17,3082.9,48.21,213.92,51.78,60.39,92.76,Pass,No
508,MCH-001,Afternoon,Senior,Normal,Titanium,Active,26.79,49.65,2542.3,101.74,225.93,41.12,53.78,71.95,Pass,No
509,MCH-004,Afternoon,Junior,Normal,Titanium,Inactive,26.68,83.84,979.8,109.77,224.1,46.88,55.44,82.09,Pass,No
510,MCH-009,Night,Senior,Normal,Titanium,Active,30.93,39.77,1748.3,80.32,223.57,79.81,25.88,56.36,Pass,No
511,MCH-003,Morning,Senior,Normal,Copper,Active,29.34,18.94,3709.6,114.13,220.81,72.43,83.15,90.18,Fail,No
512,MCH-009,Morning,Junior,High-Load,Steel,Active,29.26,119.18,3945.7,79.29,219.62,39.06,58.76,111.56,Pass,Yes
513,MCH-007,Night,Senior,High-Load,Titanium,Inactive,29.88,27.18,1049.2,90.56,243.88,28.23,21.8,71.88,Pass,No
514,MCH-004,Afternoon,Junior,Maintenance,Aluminum,Active,21.86,118.73,4309.5,30.88,231.84,37.64,78.95,92.92,Pass,Yes
515,MCH-003,Night,Senior,High-Load,Aluminum,Partial,31.03,117.5,1815.3,113.01,227.23,84.45,93.92,110.17,Fail,Yes
516,MCH-010,Night,Junior,Normal,Aluminum,Active,30.45,97.32,3149.3,109.36,221.12,60.71,95.26,96.85,Pass,Yes
517,MCH-005,Night,Mid-Level,High-Load,Aluminum,Active,23.93,82.54,3507.3,34.61,230.07,57.34,43.21,86.97,Pass,No
518,MCH-005,Morning,Senior,Normal,Copper,Active,27.02,73.56,3747.8,74.19,225.18,61.75,22.2,73.58,Pass,No
519,MCH-003,Night,Senior,Normal,Titanium,Active,27.84,105.27,4283.0,147.48,220.26,45.62,56.66,97.54,Pass,Yes
520,MCH-009,Morning,Senior,High-Load,Steel,Active,27.46,41.84,1751.7,80.49,216.96,76.5,20.13,65.92,Pass,No
521,MCH-004,Morning,Senior,Idle,Titanium,Active,29.34,61.44,3934.0,90.23,219.19,56.63,94.06,87.35,Pass,No
522,MCH-005,Morning,Mid-Level,Maintenance,Copper,Inactive,33.73,78.13,1026.7,139.19,188.3,28.17,26.52,76.54,Pass,No
523,MCH-004,Afternoon,Senior,Normal,Aluminum,Active,32.33,55.23,3320.2,116.07,222.11,29.03,32.75,73.28,Pass,No
524,MCH-005,Morning,Mid-Level,Normal,Copper,Active,22.75,57.02,3467.9,99.85,215.12,57.58,46.6,75.75,Pass,No
525,MCH-007,Morning,Mid-Level,High-Load,Titanium,Active,30.49,46.33,3210.9,125.74,235.93,85.56,44.48,87.43,Pass,No
526,MCH-009,Afternoon,Mid-Level,High-Load,Steel,Active,33.32,72.07,1509.3,133.72,220.19,41.58,81.52,92.69,Pass,No
527,MCH-007,Morning,Mid-Level,Normal,Copper,Active,29.55,103.56,3992.2,84.83,208.11,80.87,51.07,96.62,Pass,Yes
528,MCH-005,Night,Junior,Normal,Steel,Active,32.36,32.17,1175.4,87.01,219.5,73.49,25.37,60.22,Pass,No
529,MCH-010,Night,Junior,Idle,Copper,Active,36.05,112.79,714.5,76.33,209.54,37.35,34.05,66.62,Pass,Yes
530,MCH-010,Morning,Senior,Normal,Steel,Active,32.09,85.8,3369.9,146.0,224.73,22.54,55.82,88.37,Fail,No
531,MCH-007,Afternoon,Junior,Normal,Steel,Active,29.0,100.56,2401.9,113.66,222.91,27.13,23.27,76.18,Pass,No
532,MCH-010,Night,Junior,High-Load,Aluminum,Active,32.18,71.18,3896.4,39.99,229.58,70.99,65.05,102.93,Fail,Yes
533,MCH-005,Afternoon,Senior,Normal,Steel,Active,28.58,95.75,2033.6,133.56,212.09,33.98,60.92,74.66,Pass,No
534,MCH-003,Afternoon,Senior,High-Load,Aluminum,Active,28.1,11.78,1173.1,87.67,220.34,45.99,74.32,68.4,Fail,No
535,MCH-007,Night,Senior,Idle,Titanium,Partial,26.59,100.02,3845.8,38.25,206.35,55.12,94.39,102.19,Pass,Yes
536,MCH-002,Afternoon,Junior,Idle,Titanium,Active,34.25,14.42,2695.6,95.97,227.01,70.78,92.1,79.25,Pass,No
537,MCH-009,Night,Junior,High-Load,Aluminum,Active,24.73,107.89,1256.8,80.06,225.19,27.93,95.15,89.7,Pass,No
538,MCH-010,Afternoon,Senior,Idle,Aluminum,Active,34.13,119.12,3381.5,135.33,224.96,48.45,32.02,81.63,Pass,Yes
539,MCH-010,Night,Mid-Level,Idle,Copper,Inactive,30.0,42.35,2544.5,54.48,220.02,53.96,21.84,74.65,Pass,No
540,MCH-001,Morning,Senior,Idle,Copper,Inactive,22.4,33.14,2917.3,129.18,224.15,57.86,37.2,70.99,Pass,No
541,MCH-006,Night,Mid-Level,Maintenance,Copper,Active,29.47,94.19,2343.6,96.92,236.04,77.29,90.56,88.9,Pass,No
542,MCH-007,Night,Mid-Level,High-Load,Titanium,Partial,19.6,37.83,3814.8,36.55,217.15,32.02,97.48,106.08,Pass,Yes
543,MCH-008,Night,Senior,Normal,Copper,Active,30.5,105.21,3818.3,146.62,221.39,76.55,87.34,97.69,Pass,Yes
544,MCH-010,Night,Senior,Normal,Steel,Active,31.54,21.31,3337.6,91.51,209.14,68.5,19.9,63.87,Pass,No
545,MCH-009,Afternoon,Senior,Normal,Steel,Inactive,25.63,23.86,921.6,64.91,211.32,58.91,95.27,73.34,Pass,No
546,MCH-002,Morning,Junior,High-Load,Copper,Inactive,28.49,117.71,3855.4,86.33,220.98,68.97,48.1,123.52,Fail,Yes
547,MCH-010,Night,Mid-Level,High-Load,Steel,Active,35.82,84.12,3184.1,132.94,231.04,48.84,10.84,93.49,Pass,No
548,MCH-002,Afternoon,Junior,Normal,Titanium,Active,25.98,103.16,3288.1,66.59,217.44,29.69,49.82,87.06,Pass,No
549,MCH-005,Morning,Junior,Normal,Steel,Active,23.76,45.68,1951.9,53.12,217.64,66.6,14.15,56.62,Pass,No
550,MCH-005,Morning,Senior,Idle,Titanium,Active,33.93,84.41,4017.1,45.49,215.93,56.73,58.95,91.59,Pass,No
551,MCH-006,Morning,Junior,High-Load,Aluminum,Inactive,35.85,75.37,3401.5,65.74,214.65,64.76,40.47,116.33,Pass,Yes
552,MCH-003,Morning,Senior,High-Load,Aluminum,Active,28.01,76.35,950.4,123.61,222.95,43.66,52.61,72.99,Pass,No
553,MCH-008,Night,Mid-Level,Normal,Aluminum,Active,32.05,85.08,2131.1,86.6,205.03,83.48,65.19,78.12,Pass,No
554,MCH-001,Night,Senior,Idle,Aluminum,Active,33.37,73.29,4045.5,57.3,232.81,61.12,88.19,94.46,Pass,No
555,MCH-006,Afternoon,Junior,Idle,Steel,Active,25.03,57.2,688.8,49.94,213.35,25.98,69.57,55.52,Pass,No
556,MCH-004,Afternoon,Junior,Maintenance,Copper,Active,26.06,40.35,4345.7,69.93,227.22,51.49,49.06,79.24,Pass,No
557,MCH-001,Afternoon,Senior,Normal,Steel,Active,32.92,94.54,3216.7,142.79,207.3,72.94,83.75,93.01,Pass,No
558,MCH-007,Morning,Senior,High-Load,Titanium,Partial,34.74,34.89,3025.5,71.16,226.69,75.59,91.5,102.26,Fail,Yes
559,MCH-009,Morning,Junior,Normal,Steel,Inactive,30.25,86.16,1582.2,148.57,226.72,54.62,20.78,82.4,Pass,No
560,MCH-004,Night,Mid-Level,Normal,Steel,Active,24.48,35.67,1495.2,88.23,223.84,82.63,57.87,56.3,Pass,No
561,MCH-004,Morning,Mid-Level,Normal,Titanium,Partial,35.95,78.79,4268.2,51.5,210.06,38.74,35.61,103.86,Pass,Yes
562,MCH-006,Morning,Senior,Normal,Aluminum,Inactive,25.88,92.18,1693.1,136.94,222.5,48.74,14.24,77.17,Pass,No
563,MCH-003,Morning,Mid-Level,Normal,Aluminum,Inactive,26.66,34.06,3602.0,85.24,208.17,82.9,70.17,90.72,Pass,No
564,MCH-006,Afternoon,Junior,High-Load,Aluminum,Active,29.37,16.59,2072.5,115.16,217.47,82.74,87.65,89.23,Pass,No
565,MCH-007,Afternoon,Senior,Normal,Copper,Active,34.22,24.41,1057.0,148.05,230.29,68.0,24.66,49.4,Pass,No
566,MCH-010,Night,Junior,Normal,Titanium,Active,31.42,76.66,542.9,36.02,227.97,80.13,83.12,77.48,Pass,No
567,MCH-010,Morning,Junior,Idle,Titanium,Active,29.66,103.44,2677.0,41.6,220.15,26.21,86.81,89.28,Pass,No
568,MCH-003,Morning,Mid-Level,Maintenance,Steel,Active,29.85,14.95,4403.1,116.45,210.25,80.55,92.29,89.78,Fail,No
569,MCH-007,Night,Senior,High-Load,Copper,Active,28.17,90.76,1976.5,63.82,226.46,42.44,33.88,76.95,Pass,No
570,MCH-003,Morning,Senior,Normal,Aluminum,Active,30.23,47.55,1928.8,52.12,220.19,32.48,91.36,79.59,Pass,No
571,MCH-002,Morning,Mid-Level,Maintenance,Copper,Inactive,17.88,62.64,1876.4,34.72,196.8,36.76,38.86,66.34,Pass,No
572,MCH-010,Afternoon,Junior,Normal,Titanium,Active,26.81,112.17,2582.2,32.62,227.83,49.26,59.71,88.98,Fail,Yes
573,MCH-004,Night,Junior,Normal,Titanium,Active,28.97,46.52,2262.7,122.94,219.76,37.58,14.55,67.46,Fail,No
574,MCH-008,Night,Junior,High-Load,Steel,Partial,23.4,61.19,4019.7,46.13,232.02,42.44,13.95,95.81,Fail,Yes
575,MCH-009,Night,Junior,High-Load,Steel,Partial,29.55,11.51,2522.1,86.13,209.05,29.45,74.83,100.85,Pass,Yes
576,MCH-007,Night,Senior,High-Load,Titanium,Inactive,27.18,18.98,2531.0,102.71,188.23,40.73,50.0,86.51,Fail,No
577,MCH-001,Afternoon,Senior,Normal,Aluminum,Partial,35.02,38.45,1053.5,81.4,222.79,60.06,33.07,67.76,Pass,No
578,MCH-003,Afternoon,Mid-Level,Normal,Aluminum,Active,34.29,13.06,4431.0,33.25,222.92,50.93,27.14,79.54,Pass,No
579,MCH-009,Morning,Mid-Level,Maintenance,Copper,Partial,26.14,79.45,1499.9,124.02,203.09,44.27,70.3,81.09,Fail,No
580,MCH-001,Morning,Senior,Normal,Titanium,Active,27.4,56.9,793.5,31.26,210.22,72.25,10.04,46.06,Pass,No
581,MCH-009,Morning,Senior,Normal,Titanium,Active,27.7,70.3,3152.6,121.43,247.55,82.55,82.53,83.87,Pass,No
582,MCH-008,Morning,Junior,Normal,Aluminum,Active,26.19,29.21,2881.5,137.2,216.94,72.98,17.13,68.44,Pass,No
583,MCH-001,Afternoon,Junior,Normal,Aluminum,Active,28.78,42.55,2160.6,81.94,227.31,43.24,27.23,64.25,Pass,No
584,MCH-006,Night,Mid-Level,Normal,Titanium,Active,24.97,83.02,2188.8,94.27,213.49,72.11,44.76,66.79,Pass,No
585,MCH-005,Afternoon,Senior,Maintenance,Steel,Active,23.48,116.18,3640.3,87.24,199.1,30.64,53.64,81.32,Pass,Yes
586,MCH-006,Morning,Mid-Level,Normal,Titanium,Inactive,30.49,15.55,1282.9,76.71,218.3,29.12,41.95,73.31,Pass,No
587,MCH-010,Afternoon,Senior,Normal,Titanium,Active,30.52,107.94,3781.0,136.49,217.34,44.19,38.86,91.7,Fail,No
588,MCH-005,Night,Junior,Normal,Aluminum,Active,24.78,73.46,3095.0,137.27,216.0,76.54,96.75,92.66,Pass,No
589,MCH-006,Night,Mid-Level,High-Load,Aluminum,Inactive,31.58,72.03,2175.9,70.3,218.85,37.24,67.74,109.08,Fail,Yes
590,MCH-005,Afternoon,Mid-Level,Normal,Steel,Active,25.47,65.03,2332.1,103.81,222.64,24.43,12.11,57.31,Pass,No
591,MCH-005,Afternoon,Senior,Normal,Steel,Active,29.01,17.63,1526.6,141.23,218.5,29.22,48.72,54.87,Pass,No
592,MCH-004,Afternoon,Junior,High-Load,Copper,Active,31.28,19.89,3508.5,145.45,207.36,80.11,88.75,98.95,Pass,Yes
593,MCH-003,Morning,Mid-Level,High-Load,Titanium,Active,27.87,76.1,2551.5,91.08,224.86,64.36,37.13,82.76,Pass,No
594,MCH-003,Afternoon,Junior,High-Load,Aluminum,Active,29.82,47.51,1783.4,84.34,200.51,37.72,18.51,72.52,Pass,No
595,MCH-004,Afternoon,Mid-Level,Maintenance,Steel,Partial,25.93,110.9,2884.2,63.44,199.5,58.87,78.25,97.3,Pass,Yes
596,MCH-009,Afternoon,Junior,Normal,Copper,Active,27.21,54.72,4482.9,145.06,227.39,56.93,64.54,92.56,Pass,No
597,MCH-002,Night,Senior,High-Load,Copper,Active,27.18,25.76,2241.0,47.14,225.07,65.88,61.33,75.21,Pass,No
598,MCH-009,Night,Mid-Level,Normal,Aluminum,Partial,25.01,88.62,4182.8,99.58,219.43,36.32,14.82,87.88,Pass,No
599,MCH-001,Morning,Mid-Level,High-Load,Aluminum,Inactive,27.29,42.27,1880.1,63.91,206.05,80.51,22.64,80.39,Pass,No
600,MCH-001,Morning,Junior,High-Load,Copper,Active,21.81,67.8,718.9,63.48,212.92,41.66,66.03,72.5,Pass,No
